Price,Rating,Discount
195.72,2,15
342.92,1,20
92.36,,20
,1,20
146.61,,0
245.14,,0
158.3,5,15
76.6,5,
105.71,,5
333.78,5,0
309.7,4,0
,2,0
300.5,2,10
238.61,,20
103.01,3,20
417.26,2,0
311.72,2,10
93.84,,0
303.97,5,
142.68,5,15
399.75,4,20
465.55,,10
184.9,2,5
86.83,3,20
272.8,3,15
179.57,1,0
,5,15
124.23,3,5
469.97,4,0
482.91,1,20
307.86,,10
203.06,3,20
273.5,4,0
427.99,3,15
363.67,,0
77.3,3,20
496.89,4,10
372.48,3,0
473.29,3,5
324.91,4,0
148.19,,10
108.2,2,15
225.93,4,0
124.86,4,
297.25,2,15
438.79,3,15
493.91,4,5
117.91,2,5
154.38,2,0
268.23,5,5
309.7,4,0
399.75,4,20
309.7,4,0
